name,sequence,label
1A34A,TGDNSNVVTMIRAGSYPKVNPTPTFVRAIPFEVSVQSGIAFKVPVGSLFSANFRTDSFTSVTVMSVRAFTQLTPPVNEYSFVRLKPLFKTGDSTEEFEGRASNINTRASVGYRIPTNLRQNTVAADNVCEVRSNCRQVALVISCCFN,111000000010000000010011111100000000000000000000000000000000000110100000000000000000000000000000000000000000000010000000000000000000000000001011000
1E8OA,PQYQTFEEFSRAAEKLYLADPMKARVVLKYRHSDGNLCVKVTDDLVCLVYKTDQAQDVKKIEKFHSQLMRLMVA,00000000000000000000000000000000000000000000000000000000001001100110010010
1H3EA,HTPEEALALLKRGAEEIVPEEELLAKLKEGRPLTVKLGADPTRPDLHLGHAVVLRKMRQFQELGHKVVLIIGDFTGMIGDPSGRSKTRPPLTLEETRENAKTYVAQAGKILRQEPHLFELRYNSEFLEGLTFKEVVRLTSLMTVAQMLEREDFKKRYEAGIPISLHELLYPFAQAYDSVAIRADVEMGGTDQRFNLLVGREVQRAYGQSPQVCFLMPLLVGLDGREKMSKSLDNYIGLTEPPEAMFKKLMRVPDPLLPSYFRLLTDLEEEEIEALLKAGPVPAHRVLARLLTAAYALPQIPPRIDRAFYESLGYAFEAFGRDKEAGPEEVRRAEARYDEVAKGGIPEEIPEVTIPASELKEGRIFVARLFTLAGLTPSNAEARRLIQNRGLRLDGEVLTDPMLQVDLSRPRILQRGKDRFVRVRLSD,0000000000000000000000000000000000000000000000000000000000000000000000000000000000000100000000000000000000000000000000000000000000000000000000000000000000001001111000000000000000000000000000000000000000000000000000000000001000000000000000000000000001101100000000000000000000000001100100000000000000000000000000000000000000000000000000001000000000000000000001010011100100000000011110111001110000000000010100000000001110100000000
1H4SA,KGLTPQSQDFSEFYLEVIQKAELADYGPVRGTIVVRPYGYAIFENIQQVLDRMFKETGHQNAYFPLFIPMSFLRKEAEHVEGFSPELAVVTHAGGEELEEPLAVRPTSETVIGYMFSKFIRSFRDLPQLLNQFGNVVRFEMRTRPFLRTSEFLFQEGHTAHATREEAEEEVRRMLSIYARLAREYAAIPVIEGLKTEKEKFAGAVYTTTIEALMKDGKALQAGTSHYLGENFARAFDIKFQDRDLQVKYVHTTSFGLSFRFIGAIIMTHGDDRGLVLPPRLAPIQVVIVPIYKDESRERVLEAAQGLRQALLAQGLRVHLDDRDQHTPGYKFHEFELKGVPFRVELGPKDLEGGQAVLASRLGGKETLPLAALPEALPGKLDAFHEELYRRALAFREDHTRKVDTYEAFKEAVQEGFALAFHCGDKACERLIQEETTATTRCVPFEAEPEEGFCVRCGRPSAYGKRVVFAKAY,00000000000000000000000000000000000000000000000000000000000000000000000000000000000000000000000000000000000000000000000011110000000000000000000000000000000000000000000000000000000000000000000000000000000000000000000000000000000000000000000011111010000000000000000000000000000000000000000000000000000000000000000000000000000000000000000000000000000000000000000000000000000000000000000000000000000000000000000000000000000000000000000000000000000000000000000000000000000000000
1UVJA,PRRAPAFPLSDIKAQMLFANNIKAQQASKRSFKEGAIETYEGLLSVDPRFLSFKNELSRYLTDHFPANVDEYGRVYGNGVRTNFFGMRHMNGFPMIPATFPLASNLKKRADADLADGPVSERDNLLFRAAVRLMFSDLEPVPLKIRKGSSTCIPYFSNDMGTKIEIAERALEKAEEAGNLMLQGKFDDAYQLHQMGGAYYVVYRAQSTDAITLDPKTGKFVSKDRMVADFEYAVTGGEQGSLFAASKDASRLKEQYGIDVPDGFFCERRRTAMGGPFALNAPIMAVAQPVRNKIYSKYAYTFHHTTRLNKEEKVKEFSLCVATDVSDHDTFFPGFLRDLICDELLNMGYAPFFVKLFETSLKLPVYVGAPAPEQGHTLLGDPSNPDLEVGLSSGQGATDLMGTLLMSITYLVMQLDHTAPHLNSRIKDMPSACRFLDSYFQGHEEIRQISKSDDAMLGFTKGRALVGGHRLFEMLKEGKVNPSPYMKISYEHGGAFLGDILLYDSRREPGSAIFVGNINSMLNNQFSPEYGVQSGVRDRSKRKRPFPGLAFASMKDTYGACPIYSDVLEAIERCFFNAFGESYRAYREDMLKRDTLELSRYVASMARQAGLAELTPIDLEVLADPNKLQYKFTEADVSANIHEVLMHGVSVEKTERFLRSVMPR,0000000000000000000000100010010000000000000000000000000000000000000000000000000000000000000000000000000000000000000000000000000000000000000000010101110100010100000000000000000000000000000000000000000101010000000000000000000000000000000000000000000000000000000000000000000111101001000100010010001000000000000000000000000000000000000000000000000000000000000000000000000000000000000000000000000011111110000000000000000000000000000000000000000000000000001000000000000000000000000000000000000000000000000000000000000000000000000000000100000000000010000000000000000000000000000000000000000000000000000000000000000000000000000000000101110111000000010001000000000000000000
2BH2A,QIITVSVNDLDSFGQGVARHNGKTLFIPGLLPQENAEVTVTEDKKQYARAKVVRRLSDSPERETPRCPHFGVCGGCQQQHASVDLQQRSKSAALARLMKHDVSEVIADVPFGYRRRARLSLNYLPKTQQLQMGFRKAGSSDIVDVKQCPILAPQLEALLPKVRACLGSLQAMRHLGHVELVQATSGTLMILRHTAPLSSADREKLERFSHSEGLDLYLAPDSEILETVSGEMPFYDSNGLRLTFSPRDFIQVNAGVNQKMVARALEFLDVQPEDRVLDLFCGMGNFTLPLATQAASVVGVEGVPALVEKGQQNARLNGLQNVTFYHENLEEDVTKQPFAKNGFDKVLLDPARAGAAGVMQQIIKLEPIRIVYVSCNPATLARDSEALLKAGYTIARLAMLDMFPHTGHLESMVLFSRV,0000000010111010101011110100000000000000000111101000000000000000000000000111100000000000000000011000000000000000010111001110000000000111111100000000000000000000000000000000001110000000000000010100000000000000000000000000010000000000000000000000001000010000000000000000000000000000000000000000000000001110000000000000000000000011010000000000000000000011100000000000000000000001111001000000000000000000001001010000000000
2BTEA,MEKYNPHAIEAKFQRFFEEKGFMKAKDLPGGRGKQYVLVMFPYPSGDLHMGHLKNYTMGDVLARFRRMQGYEVLHPMGFDAFGLPAENAALKFGVHPKDFTYANIRQAKESLRLMGILYDFDREVTTCEPEYYRFNQFIFLKMFEKGLAYRAKGLVNFCPKCQTVLANEQVVEGRCFRHEDTPVEKRELEQFYLRITAYAERLLKDLEGLNFPEKVKAMQRAFIGRSEGAEILFPVEGKEVRIPVFTTRPDTLFGATFLVLAPEHPLTLELAAPEKREEVLAYVEAAKRKTEIERQAEGREKTGVFLGAYALNPATGERIPIFTADYVLFGYGTGAIMAVPAHDQRDYEFARKFGLPIKKVIERPGEPLPEPLERAYEEPGIMVNSGPFDGTESEEGKRKVIAFLEEKGLGKGRVTYRLRDFLISRQRYFGTPIPMVHCEACGVVPVPEEELPVLLPDLKDVEDIRPKGKSPLEAHPEFYETTCPKCGGPAKRDTDTMDTFFDSSFYYLRYTDPHNDRLPFDPEKANAFMPVDQYIGGVEHAVLHLLYSRFFTKFLHDLGMVKVEEPFQGLFTQGMVLAFTDFGPVEVEGSVVRLPEPTRIRLEIPESALSLEDVRKMGAELRPHEDGTLHLFKPAVMSKSKGNGVMVGPFVKEQGADIARITILFAAPPENEMVFTEEGVQGAFRFLNRIYRRVAEDREALLETSGVFQAEALEGKDRELYGKLHETLKKVTEDLEALRFNTAIAALMEFLNALYEYRKDRPVTPVYRTAIRYYLQMLFPFAPHLAEELFHFFFPDSLFEAGFPELDEKALEKDVVEVAVQVNGRVRGTIHIPKDAPLEVARAEALKVRNVRAHLEGKEVVKEIYVPGKILNLVV,000000000000000000000000000000000000000000000000000000000000000000000000000000000000000000000000000000000000000000000000000000000000000000000000000000000000000000000000000000000000000000000000000000000000000000000110011011001111000000000000000000011000000000000000000000000000000000000000000000000000000000000000000000000000000000010000000000000000000000000000000000000000000000110000000000000010010000000000000000000100000000000000000000000000000000000000000000000000000000000000000000000000000000000000000000000000000000000000000000000000000000000000000000000000000000000000000000000000000000000000000000000000000000000000000000000000000000000000000000000000000001111001100000100110010001001000000000000000000000000000000000000010000000000110010011001000100100000000000000000000000000000000000000000000000000000000010101011110010000000000000000000000000000000010101001101010
2BU1A,ASNFTQFVLVDNGGTGDVTVAPSNFANGVAEFISSNSRSQAYKVTCSVRQSSAQNRKYTIKVEVPKVATQTVGGVELPVAAFRSYLNMELTIPIFATNSDCELIVKAMQGLLKDGNPIPSAIAANSGIY,000000000000000000000000000010000000000000101110101100001011101000000000000000000000101000000000000000000000000000000000000000000
2BX2L,AHIEGRHMKRMLINATQQEELRVALVDGQRLYDLDIESPGHEQKKANIYKGKITRIEPSLEAAFVDYGAERHGFLPLKEIAREYFPRPNIKDVLREGQEVIVQIDKEERGNKGAALTTFISLAGSYLVLMPNNPRAGGISRRIELKEALASLELPEGMGLIVRTAGVGKSAEALQFDLSFRLKHFEAIKKAAESRPAPFLIHQESNVIVRAFRDYLRQDIGEILIDNPKVLELARQHIAALGRPDFSSKIKLYTGEIPLFSHYQIESQIESAFQREVRLPSGGSIVIDSTEALTAIDINSARGDIEETAFNTNLEAADEIARQLRLRDLGGLIVIDFIDMTPVRHQRAVENRLREAVRQDRARIQISHISRFGLLEMSRQRLSPSLGESSHHVCPRCSGTGTVRDNESLSLSILRLIEEEALKENTQEVHAIVPVPIASYLLNEKRSAVNAIETRQDGVRCVIVPNDQMETPHYHVLRVRKGEETPTLSYMLPKLHEEA,0000000000000000000000000000000000000000000000000000000000000000000000000000000000000000000000000000000000000000000000001010000101000011111111000000000000000000111110000000000000000000000000000000000000000000000000000000000000000000000000000000000000000000000000000000000000000000000000000000000000000000000000000000000000000000000000000000000000000000000000001010000000000000000000000000000000000000000000000000000000000000000000000000000000000000000000000000000000000000000000000000000000000000000
2CZJA,MAPVLENRRARHDYEILETYEAGIALKGTEVKSLRAGKVDFTGSFARFEDGELYLENLYIAPYEKGSYANVDPRRKRKLLLHKHELRRLLGKVEQKGLTLVPLKIYFNERGYAKVLLGLARGK,011111011000000000011111111110110010111101000000000100000010101111110100010001111110110000000000000000010011011111000000000
2IY5A,LEELKALKARYLGKKGLLTQEMKGLSALPLEERRKRGQELNAIKAALEAALEAREKALEEAALKEALERERVDVSLPGASLFSGGLHPITLMERELVEIFRALGYQAVEGPEVESEFFNFDALNIPEHHPARDMFDTFFLTGEGFRLEGPLGEEVEGRLLLRTHTSPMQVRYMVAHTPPFRIVVPGRVFRFEQTDATHEAVFHQLEGLVVGEGIAMAHLKGAIYELAQALFGPDSKVRFQPVYFPFVEPGAQFAVFFPEGGKFLELGGAGMVHPKVFQAVDAYRERLGLPPAYRGVTGFAFGLGVERLAMLRYGIPDIRYFFGGRLKFLEQFKGVL,000001101110010000011000100110110001101100100000001000100000000000000000000000000000000000000000000000000000000000000000000000000000000000000000000000000000000000000000000000000000000000000000000000000000000000000000000000000000000000000000000000000000000000000000000000000000000000000000000000000000000000000000000000000000000000000000
2PJPA,FSEEQQAIFQKAEPLFGDEPFFVRDLAKETGTDEQAMRLTLRQAAQQGIITAIVKDRYYRNDRIVEFANMIRDLDQECGSTCAADFRDRLGVGRKLAIQILEYFDRIGFTRRRGNDHLLRD,0000000000000000000001110000000001000100000000000000001110000000000000000000000000110010000111100100010010000001011010000
2VOOA,MAALEAKICHQIEYYFGDFNLPRDKFLKEQIKLDEGFVPLEIMIKFNRLNRLTTDFNVIVEALSKSKAELMEISEDKTKIRRSPSKPLPEVTDEYKNDVKNRSVYIKGFPTDATLDDIKEFLEDKGQVLNIQMRRTLHKAFKGSIFVVFDSIESAKKFVETPGQKYKETDLLILFKDDY,00000000001001100001000101100000000000000100111110000000000000000000000000000000000000000000000000000000000000000010001000000000111000100000000000000000000000000000000000000000000
2W2HA,RKNNNKRFYFTREQLENSPSRRFGLDPDKELSYRQQAANLLQDMGQRLNVSQLTINTAIVYMHRFYMIQSFTRFHRNSVAPAALFLAAKVEEQPKKLEHVIKVAHTCLHPQESLPDTRSEAYLQQVQDLVILESIILQTLGFELTIDHPHTHVVKCTQLVRASKDLAQTSYFMATNSLHLTTFSLQYTPPVVACVCIHLACKFSNFEIPVSTDGKHFFEYVDATVTLELLDELTHEFLQILEKTPNRLKRIFNFRACQAAKKT,00000000000000000000000000000000100000000000000000000000000000000000000000111100000000000000000000000000000000000000000000000000000000000000000000000000000000000000000000000000000000000000000000000000000000000000000000000000000000000000000000000000000000000000000
2XGJA,MLADSFEQEASREVDASKGLTNSETLQVEQDGKVRLSHQVRHQVALPPNYDYTPIAEHKRVNEARTYPFTLDPFQDTAISCIDRGESVLVSAHTSAGKTVVAEYAIAQSLKNKQRVIYTSPIKALSNQKYRELLAEFGDVGLMTGDITINPDAGCLVMTTEILRSMLYRGSEVMREVAFVIFDEVHYMRDKERGVVFEETIILLPDKVRYVFLSATIPNAMEFAEFICKIHSQPCHIVYTNFRPTPLQHYLFPAHGDGIYLVVDEKSTFREENFQKAMASISGDIYKIVKMIFKKKYNPVIVFSFSKRDCEELALKMSKLDFNSDDEKEALTKIFNNAIALLPETDRELPQIKHILPLLRRGIGIHHSGLLPILKEVIEILFQEGFLKVLFATETFSIGLNMPAKTVVFTSVRKFDGQQFRFVSGGEYIQMSGRAGRRGLDDRGIVIMMIDEKMEPQVAKGMVKGQADRLDSAFHLGYNMILNLMRVEGISPEFMLEHSFFQFQNVISVPVMEKKLAELKKDFDGIEVEDEENVKEYHEIEQAIKGYREDVRQVVTHPANALSFLQPGRLVEISVNGKDNYGFGAVVDFAKRINKRNPSAVYTDHESYIVNVVVNTMYIDSPVNLLKPFNPTLPEGIRPAEEGEKSICAVIPITLDSIKSIGNLRLYMPKDIRASGQKETVGKSLREVNRRFPDGIPVLDPVKNMKIEDEDFLKLMKKIDVLNTKLSSNPLTNSMRLEELYGKYSRKHDLHEDMKQLKRKISESQAVIQLDDLRRRKRVLRRLGFCTPNDIIELKGRVACEISSGDELLLTELIFNGNFNELKPEQAAALLSCFAFQERCKEAPRLKPELAEPLKAMREIAAKIAKIMKDSKIEVVEKDYVESFRHELMEVVYEFCRGATFTQICKMTDVYEGSLIRMFKRLEELVKELVDVANTIGNSSLKEKMEAVLKLIHRDIVSAGSLYL,0000000000000000000000000000000000000000000000000000000000000000000000000000000000000000000000000000000000000000000000001111000000000000000000000000000000000010100000000000000000000000000000001000000000000000000000000000000000000000000000000000000000000000000000000000000000000000000000000000000000000000111100000000000000000000000000000000000000000000000000000000001110000000000000000000000011100000000000000000011110000000000000000000000000000000000000000000000000000000000000000000000000000000000000000000000000000000000000000000000000000000000000000000000000000000000000000000000000000000000000000000000000000000000000000000000000000000000000000000000000000000000000000000000000000000000000000000000000000000000000000000000000000000000000000000000000000000000000000000000000000000000000000000000000000000000000000000000000000000000011000000000000000000000000000000000000000000000000000000000000000000000000000000100010000000000000000000000000000000000000000000
2Y8YA,GTGAMFLTKLVLNPASRAARRDLANPYEMHRTLSKAVSRALEEGRERLLFRLEPPPVVLVQTLTEPDFSVLDEGYAQVFPPKPFHPALKPGQRLRFRLRANPAKRLAATGKRVALKTPAEKVAFLERRLEEGGFRLLEGERGPFVQILQDTFLEVRRLLQVQAVLFEGRLEVVDPERALATLRRGVGPGKALGLGLLSVAP,000000000000000000000000001001100110011011000010000000000000000000000000000000000000000000000000000000111111101111010000000000110010000000000000000000000000001000000000000000000000000110100110000000000
2ZI0A,EIPLHEIIRKLERNQKKQAQRKRHKLNRKERGHKSPSEQRRSELFHARQVELSAINSDN,00000000010001011101101110111010111111011100110100000000000
2ZKOA,MDPNTVSSFQVDCFLFHVRKRVADQELGDAPFLDRLRRDQKSLRGRGSTLGLDIETATRAGKQIVERILK,1100100000000000000000000000111001100100110011001100000000000000000000
2ZNIA,LSSFFTKVQYQRLKELNASGEQLEMGFSDALSRDRAFQGIEHQLMSQGKRHLEQLRTVKHRPALLELEEKLAKALHQQGFVQVVTPTIITKSALAKMTIGEDHPLFSQVFFLDGKKCLRPMLAPNLYTLFRELERLFDKPIRIFEIGTCYRKESQGAQHLNEFTMLNLTELGTPLEERHQRLEDMARFVLEAAGIREFELVTESSVVYGDTVDVMKGDLELASGAMGPHFLDEKFEIFDPFVGLGFGLERLLMIREGTQHVQSMARSLSYLDGVRLNIN,000001111011011000000000000000001100111011001000100000000000000000000000000000000000000001010000000000001001000000100000000000000011001000000000000000101111111100101000000000000000000000000000000000000010000000001000000111100000000000010000000011100100000000110100001011000010111
2ZZMA,PLCLKINKKHGEQTRRILIENNLLNKDYKITSEGNYLYLPIKDVDEDILKSILNIEFELVDKELEEKKIIKKPSFREIISYRKEIDEGLISLSYDVVGDLVILQISDEVDEKIRKEIGELAYKLIPCKGVFRRKSEVKGEFRVRELEHLAGENRTLTIHKENGYRLFVDIAKVYFSPRLGGERARIMKKVSLNDVVVDMFAGVGPFSIACKNAKKIYAIDINPHAIELLKNIKLNKLEHKIIPILSDVREVDVKGNRVIMNLPKFAHKFIDKALDIVEEGGVIHYYTIGKDFDKAIKLFEKKCDCEVLEKRIVSYAPREYILALDFKIN,00000001111110110011011111001100000010000100000000000000000000000000000101010001010111011111111100000001110000000000000000001100000010111000010100000000000000111110100000000101111010000000000000000000000000000000000000000000000000000000000000000000000000000000111100000000000000000000000000000000000000000000001111111111100000000
3ADDA,HHHLIILTGLPGVGKSTFSKNLAKILSKNNIDVIVLGSDLIRESFPVFKEKYEEFIKKSTYRLIDSALKNYFVIVDDTNYYNSRRDLINIAKKYNKNYAIIYLKASLDVLIRRNIERGEKIPNEVIKKYEKFDEPGKKYKFDEPFLIIDTTKDIDFNEIAKKLIEKSKEIPKFYVLEENKNKNNNISDKIDKETRKIVSEYIKSKKLDKDKIKEVVELRKEFLKKIKKEEVDADRVLKEFKDLLNSY,0000000000000000000000000000000000000000000000000100000010000000000000000000000010101000100100000000000000000000000000011100100000000000011010000000000000000000000000000000001101111110000100110010011001100000100110010011001100110000000000000000000
3AMTA,HRVFVGIDDTDSSRGCTYLAVLAERVERELGKVIGFPRLIRLNPTIPYKTRGNGAVSFLVEVDDVGELVDVVNEVIIEHALDDEKTNPGAVFVDEELAVKLKPFADKAIKDVLQIDEALFVIGKYFIPHLRHKKGRGLIGALAAVGAELEDFTLELIAYRYPERFGTEREYDEESFFDDYELYPQTFDNVDFCNDVVVCIPNTPCPVLYGIRGESVEALYKAESVKTEPVDRRIFVTNHATDHLIGEEEVHRLENYRSYRLRGRVTLEPYDIEGGHVFFEIDTKFGSVKCAAFEPTKQFRNVIRLLRKGDVVEVYGSKKDTINLEKIQIVELAEIFVEKNPICGRRESAGRGQGFRCKCRTKADEKLREKVERELQPGFYEVPPSARRHLSKPLIRNVEGRHIFR,00000000000000000000000000000000000000000000010111100000000000000000000000000000000000000000000000000000000000000000000000000000000000000000000000000000010000000000000000000000000000000011000001101111110000001110000000000000000000000000000000000000000000000000000000000111111010000000000100011111001100100000000000011101011100000000000011100001111111010110000000001000000000000000100111110100000000000000
3BSOA,KGTYCGAPILGPGSAPKLSTKTKFFRSSTAPLPPGTYEPAYLGGKDPRVKGGPSLQQVMRDQLKPFTEPRGKPPKPSVLEAAKKTIINVLEQTIDPPDKFSFAQACASLDKTTSSGHPHHMRKNDCFNGESFTGKLADQASKANLMFEEGKNMTPVYTGALKDELVKTDKIYGKIKKRLLFGSDLATMIRCARAFGGLMDELKTHCVTLPIRVGMNMNEDGPIIFERHSRYRYHYDADYSRFDSTQQRAVLAAALEIMVKFSSEPHLAQVVAEDLLSPSVVDVGDFTISINEGLPSGVPCTSQFNSIAHFLLTLCALSEVTNLSPDIIQANSLFSFYGDDEIVSTDIKLDPEKLTAKLKEYGLKPTRPDKTEGPLVISEDLNGLTFLRRTVTRDPAGFFGKLEQSSILRQMYFTRGPNHEDPSETMIPHSQRPIQLMSLLGEAALHGPAFYSKISKLVIAELDFYVPRQEPMFRFMRF,0000000000000001001000000000000000000000000000000000000000000000000000000000000000000000000000000000000000011111110000010111000000000000000000000000000000000001111000000000000000011110000100000000000000100000000011111010000000000000000001000000000000000000000000000000000000000000000000000000000111111110000000000000000000000000000000001111000000000000000000000000000000000000000000000011100000000000010001001100111001000000000000100110010000000000000000000000000000000000000000
3D2SA,STDRLEVCREYQRGNCNRGENDCRFAHPADSTMIDTNDNTVTVCMDYIKGRCSREKCKYFHPPAHLQA,00000000101000011110001111000000000000000000000000000000000000000000
3EGZA,TRPNHTIYINNLNEKIKKDELKKSLHAIFSRFGQILDILVSRSLKRGQAFVIFKEVSSATNALRSQGFPFYDKPRIQYAKTDSDIIAK,1000010101110110110000000000000000000010111111110100000000000000000000001010111111111000
3EQTA,QFPVEHVQLLCINCMVAVGHGSDLRKVEGTHHVNVNPNFSNYYNVSRDPVVINKVFKDFKPGGVISCRNCGEVFGLQMIYKSVKLPVLKVRSMLLETPQGRIQAKKFSRVPFSVPDFDFLQHCAENL,0000000000000000000000000001011100000000000000000111010100100000000000001111000000000011111000000000000011111000000000000000000
3EX7A,SDFYLRYYVGHKGKFGHEFLEFEFRPDGKLRYANNSNYKNDVMIRKEAYVHKSVMEELKRIIDDSEITKEDDALFPPPDRVGRQELEIVIGDEHISFTTSKIGSLIDVNQSKDPEGLRVFYYLVQDLKCLVFSLIGLHFKIKPI,000000000000000000000000000000000000000000000000000000000000000000000000000000000000000000000000000000000000000000000000000000000000000000000000
3GIBA,SLQDPFLNALRRERVPVSIYLVNGIKLQGQIESFDQFVILLKNTVSQMVYKHAISTVVPSRPVS,0000000000000000000100111111100000000000101000100000001101000000
3LWRA,RILPADIKREVLIKDENAETNPDFGFPPEKRPIEMHIQFGVINLDKPPGPTSHEVVAFIKKILNLEKAGHGGTLDPKVSGVLPVALEKATRVVQALLPAGKEYVALMHLHGDVPEDKIIQVMKEFEGEIIQRLRTRKVYYIEVLEIEGRDVLFRVGVEAGTYIRSLIHHIGLALGVGAHMSELRRTRSGPFKEDETLITLHDLVDYYYFFKEDGIEEYFRKAIQPMEKAVEHLPKVFIKDSAVAAVTHGADLAVPGIAKLHAGIKRGDLVAIMTLKDELVALGKAMMTSQEMLEKTKGIAVDVEKVFMPRDFYPKLF,00000000000000000000000000000000000000000000000011101101100100000111111110110000000000000110110010000000000000000000000000000000000001000000000000000000000000010100000000000000000000000000000000000000000000000000000000000000000000000000001011001111111111110000000000000000000000000000000000000000111001111100010000111
3NMRA,SDAIKFVGQVPRTFSEKDLRELFEQYGAVYEINVLRDRSQNPPQSKGCCFVTFYTRKAALEAQNALHNKVLPGHHPIQKPADSEKNNAVEDRKLFIGISKKCTENDIRVFSSFGQIEECRILRGPDGLSRGCAFVTFTTRAAQTAIKAHQAQTEGCSSPVVKFAD,000000000000000000000000000000000000000000000000000000000000000000000000000000000000000000001010100100000000000000000001011000000111010000000000000001000000111101111
3NVIA,QSGARDKMVIQAIEALDDVDKVINLLVARLREFYSLHFPELDELLPKHPQYVAFVKTVGHRDNINEEVLRELGLSEEKIKKILEAKEKTMGAFMDQTDIEVVRQLAEEIDRLYQLRKKLEDYIDRAMDDVAPNLKALVGAKLAARLISLAGGLRELAMMPSSTIQVLGAEKALFRHLRTGAKPPKHGVIYQYPAINRSPFFQRGKIARALAGKLAIAARVDYFSGEYIAEELKKELEARIREIKEKY,0000000000000000000000000000000000000000000000000000000000000000000000000000000000000000000000000000000000000000000000000000000000000000000000000000000000000001111011111101111110001111111001000000000000011001100110010000000000000000001000100110111
3QJLA,HMRIEVKLLPLKDNPILPFNYNYEVYSQILEKVNSIEPTIAKLLSSPHGFFTFSRIIVRKRKILPDKGIEILSDDVSLYISSSNEDIIRAIAEAVEKSPEFKIGELSFLVGDIKAIKVKELGKENVFSTLSPIVVRTVKFEGNKLRHFDLYPHDELFMDRLRKVMILRYSEVMGETPKDRDFTIEVLKFKPTRLMVGSSYIRGSLMVFRYAGSEEIARFGYENGFGEKTGLGFGMVKLIE,001010000000000000111000000000000000000000000000000000111110111010001000000000100000000000000000000000000000000001011110000001011100000000001001011110111000000000000000000000000000000001111111110000010100101010000000000010000000000000101111
3QSYA,MAFPKVQPEVNIGVVGHVDHGKTTLVQAITGIFTSKHSEELKRGMTIKLGYAETNIGVCESCKKPEAYVTEPSCKSCGSDDEPKFLRRISFIDAPGHEVLMATMLSGAALMDGAILVVAANEPFPQPQTREHFVALGIIGVKNLIIVQNKVDVVSKEEALSQYRQIKQFTKGTFAENVPIIPVSALHKINIDSLIEGIEEYIKTPYRDLSQKPVMLVIRSFDVNKPGTQFNELKGGVIGGSIIQGLFKVDQEIKVLPGLRVEKQGKVSYEPIFTKISSIRFGDEEFKEAKPGGLVAIGTYLDPSLTKADNLLGSIITLADAEVPVLFNIRIKYNLLERVVGAKEMLKVDPIRAKETLMLSVGSSTTLGIVTSVKKDEIEVELRRPVAVFSNNIRTVISRQIAGRFRMIGFGLVEI,0000000000000000000000000000000000000000000011000000000000000000000000000000000000000000000000000111110010000000000000000000111000100110010000000000000000000000000000000000000000000000000000000000000000000000000000000010100100010001000000000000000000000000000100000000000000000000000000000000010000000000000111011100000000000000000000000000111000000000000000000111100000000000000000000000000001010001111111100000000
3RC8A,IPNTSLFVPLTVKPQGPSPLDKNEVKKVLDKFYKRKEIQKLGADYGLDARLFHQAFISFRNYIMQSHSLDVDIHIVLNDICFGAAHADDLFPFFLRHAKQIFPVLDCKDDLRKISDLRIPPNFYPDARAMQRKIIFHSGPTNSGKTYHAIQKYFSAKSGVYCGPLKLLAHEIFEKSNAAGVPCDLVTGEERVTVQPNGKQASHVSCTVEMCSVTTPYEVAVIDEIQMIRDPARGFAFTRALLGLCAEEVHLCGEPAAIDLVMELMYTTGEEVEVRDYKRLTPISVLDHALESLDNLRPGDCIVCFSKNDIYSVSRQIEIRGLESAVIYGSLPPGTKLAQAKKFNDPNDPCKILVATDAIGMGLNLSIRRIIFYSLIKEPITTSQALQIAGRAGRFSSRFKEGEVTTMNHEDLSLLKEILKRPVDPIRAAGLHPTAEQIEMFAYHLPDATLSNLIDIFVDFSQVDGQYFVCNMDDFKFSAELIQHIPLSLRVRYVFCTAPINKKQPFVCSSLLQFARQYSRNEPLTFAFLRRYIKFPLLPPKNIKDLMDLEAVHDVLDLYLWLSYRFMDMFPDASLIRDLQKELDGIIQDGVHNITKLIKMSETHKLLNLE,0000000000000000000000000000000000000000000000000000000000000000000000000000000000000000000000000000000000000000000000000000000000000000000000000000000000000000000111100000000000000000001110000000000000000010110000000000000000000000100000000000000000000000000000000000000000000000000000000000000000000001111100000000000000000001110000000000000000000000000111000000000000000000100000000000000000000000000000000000000000000000000000000000000000000000000000000000000000000000010000000000000000000000001110100000000000000000000000000000000000000000000000000000000010000000000000000000000000000000000000000000000000
3T3OA,SQGGPQDHVEIIPLGGMGEIGKNITVFRFRDEIFVLDGGLAFPEEGMPGVDLLIPRVDYLIEHRHKIKAFVLTHGAEDHIGGLPFLLPMIFGKESPVPIYGARLTLGLLRGKLEEFGLRPGAFNLKEISPDDRIQVGRYFTLDLFRMTHSIPDNSGVVIRTPIGTIVHTGDFKLDPTPIDGKVSHLAKVAQAGAEGVLLLIADATNAERPGYTPSEMEIAKELDRVIGRAPGRVFVTTFASHIHRIQSVIFAAEKYGRKVAMEGRSMLKFSRIALELGYLKVKDRLYTLEEVKDLPDHQVLILATGSQGQPMSVLHRLAFEGHAKMAIKPGDTVILSSSPIPGNEEAVNRVINRLYALGAYVLYPPTYKVHASGHASQEELKLILNLTTPRFFLPFHGEVRHQMNFKFLAESMSRPPEKTLIGENGAVYRLTRETFEKVGEVPHGVLYVDGLGVGDITEEILADRRHMAEEGLVVITALAGEDPVVEVVSRGFVKAGERLLGEVRRMALEALKNGVREKKPLERIRDDIYYPVKKFLKKATGRDPMILPVVIE,0000000000000000000000000000000000000000000000000000000000000000000000000000000000000000000000000000000000000000000000000000000000000000000000000000000000000000000000000000000000000000000000000000000000000000000000000000000000000000000000000000000000000000000000001000000000000000000000000000000000000000000000010000100001100000000000000000000000000000000000000000000000000000000000000000000000000000000000000000000000000000000000000000000000000000000000000000000000000000000000000000000000000000000000000000000000000000000000000000000000000000000000000
3TUPA,GSVVELLGKSYPQDDHSNLTRKVLTRVGRNLHNQQHHPLFLIKERVKEHFYKQYVGRFGTPLFSVYDNLSPVVTTFQNFDSLLIPADHPSRKKGDNYYLNRTHMLRAHTSAHQFDLLHAGLDAFLVVGDVYRRDQIDSQHYPIFHQLEAVRLFSKHELFAGIKDGESLQLFEQSSRSAHKQETHTMEAVKLVEFDLKQTLTRLMAHLFGDELEIRFVDCYFPFTHPSFEMEINFHGEFLEVLGCGVMEQQLVNSAGAQDRIGFAFGLGLERLAMILYDIPDIRLFFCEDERFLKQFCVSNINQKVKFQPLSKYPAVINDISFFLPSENYAENDFYDLVRTIGGDLVEKVDLIDKFVHPKTHKTSHCYRITYRHMERTLSQREVRHIHQALQEAAVQLLGVEGRF,00000000000000000001110000000000000000000000000000000000000000000000000000000000000000000000001000000000000000000000000000000000000011111001000000000000000000000000000000000000000000000000000000000000000000000000000000000000000000000000000000000000000000000000000000000000000000001010000000000000000000000000000111111111100000000000000000000000000000011010000000010101000000001111000100100010000000000011
3VJRA,TIKLIVGLANPGAEYAATRHNAGAFFVDLLAERLRAPLREEAKFFGYTSRVTLGGEDVRLLVPTTFMNLSGKAVAAMASFFRINPDEILVAHDELDLPPGVAKFKLGGGHGGHNGLKDIISKLGNNPNFHRLRIGIGHPGDKNKVVGFVLGKPPVSEQKLIDEAIDEAARCTEMFFTDGLTKATNRLHAFKAQ,0000000000000000000000000000000000000000000000000000000000000000000000000000000000000000000001011000001010111111000000000000000000001000000001100000000000000000000000000000000000001101100110000
3VYXA,NAGLHGNFTLENAKARLNQYFQKEKIQGEYKYTQVGPDHNRSFIAEMTIYIKQLGRRIFAREHGSNKKLAAQSCALSLVRQLYHLGVVEAYSGLT,00000000011101100110011000000000000000000000000000000000000000000001000100000000000000000000000
3W3SA,ELKFSAEVELTLSREVDPAEIEPTVEEFVKEANEDLLQRGVPTGKEGAKIESYYVLYDTIYEITGTRYLRPHEAARVRKRLAERLGRKHRVGVRDLKIPRYEVVLRFDREVTYDYVGYVPVADDVVVEDGTVRLTFQDVDEELRRHVIDRVIRLVAFAVEERSELVERVTKVEPGTVVDESGPRRIRFRGDVTEEARRRGFVKEFPGRGQFIYTPPAALFEVLRDFLLERVTRKLGFEPALFPKLIPLETFRRYLHGLPDGYYVCPPKRDPELFDDFKRELYVFGELNERTLGSLKEKLRDPGYVLAPAQCEPFYELLRDEVVDPERLPIKLYDCSGFTYRFEGGAAKGLERVNEFQRIEHVFIAEPEEAYRIRRELLEATKRVAEELELEFKVVVSDDPFYLEGRLLEDRDIELPDVPSYEFEVYLPFKGERSSEEAFISVGSFNVHGEHFVDGFNVKEKSGRTLFTGCAGLGVTRFVVGLLAQHGFYPYEFPEPILERIDEKFGGLPEVPKTLTFPE,000000000000100000000000000000000000001101000000000000000000000000110100100100110110011001111000000000000000000000000000000000000000000000000000010010000000000000000000000000000000000000000000000000000000000000000000000000000000000000000000000000000000000000000000000000000000000000000000000000000000000000000000000000000000000000000000000000000000000000000000000000000000000000000000000000000000000000000000000000000000000000000000000000000000000000000000000000000000000000000000000000000000000000000000000000000000000
3WBMA,TPTPSNVVLIGKKPVMNYVLAALTLLNQGVSEIVIKARGRAISKAVDTVEIVRNRFLPDKIEIKEIRVGSQVVSRVSTIEIAIRKK,00000000111110000100000000000000000001111000000000000000000000000000000000010000000000
3ZC0A,MRLEECRKRLEELEAAREELLKVLREMRIHSTKSIALIHAGKVEEAEQELKKAIELLEKVKAYREYPEIYFYLCNDAMQELVEAIAFKNAISGEFTFEIDLEVTPAAFLNGFAAAVGELRRYALTKLIEGDFKSAERMLEVMEKIYERLMEFTTFPDKLVSGLRKKLDVARGGIERTKSDYIAAKVARLN,0000000000000000000000001001000100000000000000000000000000000000000000000001000100100000000000000000000000000000000001001000000000000000000000000000000000000000000000001000000100000000000000
3ZD6A,NLYSPFKPRNYQLELALPAMKGKNTIICAPTGCGKTFVSLLICEHHLKKFPNGQKGKVVFFANQIPVYEQNKSVFSKYFERHGYRVTGISGATAENVPVEQIVENNDIIILTPQILVNNLKKGTIPSLSIFTLMIFDECHNTSKQHPYNMIMFNYLDQKLGGSSGPLPQVIGLTASVGVGDAKNTDEALDYICKLCASLDASVIATVKHNLEELEQVVYKPQKFFRKVESRISDKFKYIIAQLMRDTESLAKRICKDLENLSQIQNREFGTQKYEQFIVTVQKACMSRICKALFLYTSHLRKYNDALIISEHARMKDALDYLKDFFSNVRAAGFDEIEQDLTQRFEEKLQELESVSRDPSNENPKLEDLCFILQEEYHLNPETITILFVKTRALVDALKNFIEGNPKLSFLKPGILHNILILTSVADAQCNLVILYEYVGNVIARGSKCFLLTSNAGVIEKEQINMYKEKMMNDSILRLQTFDEAVFREKILHIQTHEKFIRDSQEKPKPVPDKENKKLLCRKCKALACYTADVRVIEECHYTVLGDAFKECFVSRPHPKPKQFSSFEKRAKIFCARQNCSHDFGIHVKYKTFEIPVIKIESFVVEDIATGVQTLYSKFKDFHFEKIPFDPA,00000000000000000000000000000000000000000000000000000000000000111100000000000000000000000111010000000000000000010110010000000000000000000000101111100000000000000000000000000000000000000000000000000000000000000000000000000000000000000000000000000000000000000000001000000000000000000000000000000000000000000000000000000000000000000000000000000000000000000000000000000000000000000000000000000000000000000000000000000000000000000000000000000000000000000000000000000000000000000000000000000000000000000000000000000000000000000100000000000000000111000000000000000000000110001000000000000100110000000000111110000000000000101111000000000000
4ARCA,MQEQYRPEEIESKVQLHFDEKRTFEVTEDESKEKYYCLSMLPYPSGRLHMGHVRNYTIGDVIARYQRMLGKNVLQPIGFDAFGLPAEGAAVKNNTAPAPFTYDNIAYMKNQLKMLGFGYDFSRELATCTPEYYRFEQKFFTELYKKGLVYKKTSAVEIPQFFIKITAYADELLNDLDKLDHFPDTVKTMQRNFIGRSEGVEITFNVNDYDNTLTVYTTRPDTFMGCTYLAVAAGHPLAQKAAENNPELAAFIDEKGVDTGFKAVHPLTGEEIPVFAANFVLMEYGTGAVMAVPGHDQRDYEFASKYGLNIKPVILAADGSEPDLSQQALTEKGVLFNSGEFNGLDHEAAFNAIADKLTAMGVGERKVNYRLRDFGVSRQRYFGAPIPMVTLEDGTVMPTPDDQLPVILPEDVVMDGITSPIKADPEFAKTTVNGMPALRETDTFDTFMESSFYYARYTCPQYKEGMLDSEAANYFLPVDIYIGGIEHAIMHLLYFRFFHKLMRDAGMVNSDEPAKQLLCQGMVLADAFYYVGENGERNFVSPVDAIVERDEKGRIVKAKDAAGHELVYTGMSKMSKSKNNGIDPQVMVERYGADTVRLFMMFASPADMTLEFQESGVEGANRFLKRVFKLVYEHTAKGDVAALNVDALTENQKALRRDVHKTIAKVTDDIGRRQTFNTAIAAIMELMNKLAKAPTDGEQDRALMQEALLAVVRMLNPFTPHICFTLFQELKGEGDIDNAPFPVADEKAMVEDSTLVVVQVNGKVRAKITVPVDATEEQVRERAGQEHLVAKYLDGVTVRKVIYVPGKLLNLVV,000000000000000000000000000000000000000000000000000000000000000000000000000000000000000000000000000000000000000000000000000000000000000000000000000000000000000000000000000000000000000000000000000010000000000000000001111000000000000000000000000000000000000000000000000000000000011110011011110000010110000000000000000000000000000000000000000000000000000000000000000000000101000000000000000000000000000000000000000000000000000000000000000000000000000000000000000000000000000000000000000000000000000000000000000000000000000000000000000000000000000000001111110000000000000000000000000000000000000000000000011110011010001101100100110010000000000000000000000000000000000010011001100011001001100100110000000000000000000000000000000000000000000000000000000000000010101011111010000000000000000000010011000000010101001101010
4B3GA,AAVESFVTKQLDLLELERDAEVEERRSFLKELQSRGVCLLKLQVSSQRTGLYGRLLVTFEPRRYGSAAALPSNSFTSGDIVGLYDGSQLATGILTRVTQKSVTVAFDEQQSLDRENSYRLLKLANDVTYRRLKKALIALKKYHSGPASSLIEVLFGRSAPSPASEIHPLTFFNTCLDTSQKEAVLFALSQKELAIIHGPPGTGKTTTVVEIILQAVKQGLKVLCCAPSNIAVDNLVERLALCKQRILRLGHPARLLESIQQHSLDAVLARSDSAQIVADIRKDIDQVFVKNNEIKLLRKELKEREEAAMLESLTSANVVLATNTGASADGPLKLLPESYFDVVVIDECAQALEASCFIPLLKARKCILAGDHKQLPPTTVSHKAALAGLSLSLMERLAEEYGARVVRTLTVQYRMHQAIMRFASDTMYLGQLTAHSSVARHLLRDLPGVAATEETGVPLLLVDTAGCGLFELQSKGNPGEVRLVSLHIQALVDAGVPARDIAVVSPYNLQVDLLRQSLVHRHPELEIKSVDGFQGREKEAVILSFVRSNRKGEVGFLAEDRRINVAVTRARRHVAVICDSRTVNNHAFLKTLVEYFTQHGEVRTAFEYLDDIVP,00000000000000000000100000000000000000000000000000000000000000000000000000010111000000000000100000000000001000000000000000101011001000000000000000000000000000000000000000000000000000000000000000000000000000000000000000000000001111000000000000000000011001000000000000000000000000000000000000000000000000000000000000000000010110000000000000000000000000000000000000000000000000000111011000000000000000000000000000000000000000000000000000000000000000000000000000000000000000001110000000000000000000000000000001111000000000000000000010110100000000000010000011110000010000000000000000000000000000000000000000000000000000
4B3OA,PIETVPVKLKPGMDGPKVKQFPLTEEKIKALVEICTEMEKEGKISKIGPENPYNTPVFVDFRELNKKTQDFFEVQLGIPHPAGLKKKKSVTVLDVGDAYFSVPLDEDFRKYTAFTIPSINNETPGIRYQYNVLPQGFKGSPAIFQSSMTKILEPFRKQNPDIVIYQYMDDLYVGSDLEIGQHRTKIEELRQHLLRFGLTTPDKKHQKEPPFLFMGYELHPDKFTVQPIVLPEKDSFTVNDIQKLVGKLNFASQIYPGIKVRQLCKLLRGTKALTEVIPLTEEAELELAENREILKEPVHGVYYDPSKDLIAEIQKQGQGQFTYQIYQEPFKNLKTGKYARMRGAHTNDVKQLTEAVQKITTESIVIFGKTPKFKLPIQKETFETFFTEYFQATFVPEFEFVNTPPLVKLFYQLEKEPIVGAETFYVDGAASRETKLGKAGYVTNKGRQKVVTLTDTTNQKTELQAIHLALQDSGLEVNIVTDSQYALGIIQAQPDQSESELVNQIIEQLIKKEKVYLAFVPAHKGIGGNEQVDKLVSAGI,000000000000000001111000000000000000000000000000000000010000000000000000001111000000000000000000000000000000000000000000000000000000000000000000000000000000000000000000000000000000000000000000000000000000000000000100000000000000000000000000000010001000000000000001001111000000000000000000000000000000000000000000000000000000000000000000100101000000000000000100000000000000000000000000000000000000000000000000000000000000000000000101000000000000000000000000011000000000000000000000000100000000000000000000000000000000000001100000000000000000
4BOCA,QLSGQQQRLLAFFKCCLLTDQLPLAHHLLVVHHGQRQKRKLLTLDMYNAVMLGFARQGAFKELVYVLFMVKDAGLTPDLLSYAAALQCMGRQDQDAGTIERCLEQMSQEGLKLQALFTAVLLSEEDRATVLKAVHKVKPTFSLPPQLPPPVNTSKLLRDVYAKDGRVSYPKLHLPLKTLQCLFEKQLHMELASRVCVVSVEKPTLPSKEVKHARKTLKTLRDQFEKALCRALRETKNRLEREVYEGRFSLYPFLCLLDEREVVRMLLQVLQALPAQGESFTTLARELSARTFSRHVVQRQRVSGQVQALQNHYRKYLCLLASDAEVPEPCLPRQYFEELGAPEALREQPFPLPVQMELGKLLAEMLVQATQMPCSLDRSSRLVPVLYHVYSFRNVQQIGILKPHPAYVQLLEKAAEPTLTFEAVDVPMLCPPLPFTSPHSGAFLLSPTKLMRTVEGATQHQELLETCPPTALHGALDALTQLGNCAFRVNGRVLDLVLQLFQAKGCPQLGVPAPPSEAPQPPEAHLPHSAAPARKAELRRELAHCQKVAREMHSLRAEALYRLSLAQHLRDRVFFLPHNMDFRGRTYPCPPHFNHLGSDVARALLEFAQGRPLGPHGLDFLKIHLVNLTGLKKREPLRKRLAFAEEVMDDILDSADQPLTGRKFFMGAEEPFQTLACCMEVANAVRASDPAAYVSHLPVHQDGSCNGLQHYAALGRDSVGAASVNLEPSDVPQDVYSGVAAQVEVFRRQDAQRGMRVAQVLEGFITRKVVKQTVMTVVYGVTRYGGRLQIEKRLRELSDFPQEFVFEASHYLVRQVFKSLQEMFSGTRAIQHFLTESARLISHMGSVVEFVTPLGVPVIQPYRLDSRKPNTRKQKNGFPPNFIHSLDSSHMMLTALHCYRKGLTFVSVHDCYFTHAADVSVMNQVCREQFVRLHSEPILQDLSRFLVKRFCSEPQKILEASQLKETLQAVPKPGAFDLEQVKRSTYFFS,00000000000000000000000000000000000000000000000000000000000000000000000000000000000000000000000000000000000000000000000000000000000000000000000000000000000000000000000000000000000000000000000000000000000000000000000000000000000000000000000000000000000000000000000000000000000000101100100000000000000000000000000000000000000000000000000000000000000000000000000000000000000000000000000000000010110001010000000000000000000000000000000000000000000000000000000000000000000000000000000000000000000000000000000000000000000000000000000000000000000000000010001001100100000000000000000000000000100000000001111001000000000000000000000000000000000000000000000000000000000000000000010000000000000000000000000000000000000000000000000000000000000000000000000000000000000000000000000000010011001000000000000100000000000000000000000000000000000000000000000000000000000000000000000000000000000000000000000000000000000000000001111000000000000000000000000000000000000000000000000000000000000000000000000000000
4C9DA,MPQAVVLELVGEKPPLYPARYAHGLFFALLSRVSPELAQKLHEAPRKPFTLAPLPGPEGATLKGTLRLRLTTLDDGLFAPFLRALLEAAPDGLPLGDSSYRLARVLATREGHPLAGATSFEELKEAPKREKATFRFLTPTVFATSKPGGRTRYTPLPDPRLIAGSLLDKFQAHSPFPYNPKEEAALRELFELDLEVAGFRNLRFHRVQAGKGFFPGFTGEATLRLFSQSLEAQEALGRLHALAFFSGVGAKTPYGMGLAVPL,0000000000000000000000000000000000000000011111100000000000000000000000000000000000000000000000000000000000000000000000000000000000000000000011111111111110000001100010011000000000000000000000000010000000000100001111100000000001000000000000000000000011111000000000
4ERDA,NCLIKIINIPQGTLKAEVVLAVRHLGYEFYCDYIDGQAIRFQNSDEQRLAIQKLLNHNNNKLQIEIRGQICDVISTIPEDEEKNYFNYIKFKKNEFRKFFFKKQQK,0000000000000001000000100001110100000001110000000000000000000000000000000000000000001001100110011011010001
4F02A,MASLYVGDLHPDVTEAMLYEKFSPAGPILSIRVCRDMITRRSLGYAYVNFQQPADAERALDTMNFDVIKGKPVRIMFSQRDPSLRKSGVGNIFIKNLDKSIDNKALYDTFSAFGNILSCKVVCDENGSKGYGFVHFETQEAAERAIEKMNGMLLNDRKVFVGRFKSRKEREAELG,0010101000000000000000000000010101111100001110101000000000000000000000000101111101011000001010111000000000000000000001110000000011101110000000000000000000000001001111100100010
4G0AA,AELACFCYPHLENDSYKFIPFNNLAIKAMLTAKVDKKDMDKFYDSIIYGIAPPPQFKKRYNTNDNSRGMNFETIMFTKVAMLICEALNSLKVTQANVSNVLSRVVSIRHLENLVIRKENPQDILFHSKDLLLKSTLIAIGQSKEIETTITAEGGEIVFQNAAFTMFKLTYLEHQLMPILDQNFIEYKVTLNEDKPISDVHVKELVAELRFQYNKFAVITHGKGHYRIVKYSSVANHADRVYATFKSNVKTGVNNDFNLLDQRIIFQNFYAFTSSMKQGNTLDVCKRLLFQKMKPEKNPFKGLSTDRKMDEVS,000000000000000000000000000000000000000000000000000000000010000000000000000000000000000000000000000000111100000000000000000000000000000000000000000000000000000000000000000000000000000000000000000000000000000000000000000101000100000000100110011000100000000000000000000000000000000000000000000000000000000000000000
4GG4A,GARALEALLTVAGELRGPPLQLDTGQLLKIAKRGGVTAVEAVHAFRNALTGAPLNLTPEQVVAIASHDGGKQALETVQRLLPVLCQAHGLTPQQVVAIASHDGGKQALETVQRLLPVLCQAHGLTPEQVVAIASHDGGKQALETVQALLPVLCQAHGLTPEQVVAIASNGGGKQALETVQRLLPVLCQAHGLTPQQVVAIASNGGGKQALETVQRLLPVLCQAHGLTPQQVVAIASNGGGKQALETVQRLLPVLCQAHGLTPQQVVAIASNIGGKQALETVQRLLPVLCQAHGLTPQQVVAIASNGGGKQALETVQRLLPVLCQAHGLTPQQVVAIASHDGGKQALETVQRLLPVLCQAHGLTPEQVVAIASNGGGKQALETVQRLLPVLCQAHGLTPEQVVAIASHDGGKQALETVQRLLPVLCQAHGLTPQQVVAIASNGGGRPALESIVAQLSRPDPALAALTNDHLVALACLGGRPALDAVKKL,00000000000000000000000000001000100000000000000000000000000000000011000000000000000000000000000000001100000000000000000000000000000000110000000000000000000000000000000000000000000000000000000000000000000000000000000000000000000000000000000000000000000000000000000000000001000000000000000000000000000000000000000000000000000000000000000000110000000000000000000000000000000000000000000000000000000000000000000100000000000000000000000000000000000000000000000000000000000000000000000000000000
4H8KA,KIIIYTDGGARGNPGPAGIGVVITDEKGNTLHESSAYIGETTNNVAEYEALIRALEDLQMFGDKLVDMEVEVRMNSELIVRQMQGVYKVKEPTLKEKFAKIAHIKMERVPNLVFVHIPREKNARADELVNEAIDKALS,000000111111100000000000000000000000000000110010000000000000000000000000001111001000001000000000000000000000000000011110000001000100000000
4HKQA,DFPQAWAETGGMGLAVRQAPLIIPLKATSTPVSIKQYPMSQEARLGIKPHIQRLLDQGILVPCQSPFNTPLLPVKKDYRPVQDLREVNKRVEDIHPTVPNPYNLLSGLPPSHQFYTVLDLKDAFFCLRLHPTSQPLFAFEFRDQLTFTRLPQGFKNSPTLFDEALHRDLADFRIQHPDLILLQYVDDLLLAATSEQDCQRGTRALLQTLGNLGYRASAKKAQICQKQVKYLGYLLKEGQRFLTEARKETVMGQPTPKTPRQLREFLGTAGFCRLFIPGFAEMAAPLYPLTKTLFNFGPDQQKAYQEIKQALLTAPALGLPDLTKPFELFVDEKQGYAKGVLTQKLGPFRRPVAYLSKKLDPVAAGFPPCLRMVAAIAVLTKDAGKLTMGQPLVILAPHAVEALVKQPPARMTHYQAMLLDTDRVQFGPVVALNPATLLPLP,000000000000000000000000000000000000110000000000000000000000000000000001010000101111100100000001011111000000000000000000000000000000000000000000000000001111011000000000000000000000000100000000000000000000000000000000000000000000000000000000000000000000000000000000001001001000000100000010011000000000000000000000000000000000000000000000000000000000000000001100000000000000000000000100100000000000000000000000000000000000000000000000000000000
4I67A,AERSLLTGEEGFRTYKATGPRLSLPRLVALLKGQGLEVGKVAEAEGGFYVDLRPEARPEVAGLRLEPARRVEGLLE,0000001010010000000000011001100110000111100000000000000000000000000000000000
4IG8A,DLRNTPAKSLDKFIEDYLLPDTCFRMQINHAIDIICGFLKERCFRGSSYPVCVSKVVKGGSSGKGTTLRGRSDADLVVFLSPLTTFQDQLNRRGEFIQEIRRQLEACQRERAFSVKFEGNPRALSFVLSSLQLGEGVEFDVLPAFDALGQLTGGYKPNPQIYVKLIEECTDLQKEGEFSTCFTELQRDFLKQRPTKLKSLIRLVKHFYQNCKKKLGKLPPQYALELLTVYAFERGSMKTHFNTAQGFRTVLELVINYQQLCIYFTKYYDFKNPIIEKYLRRQLTKPRPVILDPADPTGNLGGGDPKGFRQLAQEAEAFLNYPCFKNFDGSPVSSFILL,00000000001100100011110010001001100100011000100000011111110001111010000000000000000000000000000000000000000000000000000000000000000000000000000000000110000000000000000000000000000000010010001111110110010000000000000000000000000000000000001110000000000000000000000000000000000000000000000000000000000000000000000000000000000000000000000000
4ILLA,MPLIFKIGYNVIPLQDVILPTPSSKVLKYLIQSGKLIPSLKDLITSRDKYKPIFISHLGFNQRRIFQKTITKGSRLSSIIAFSTQANVLSEVADEGIFETVYGKFHIMIESIEIVEVEKLKEEVEKHMNDNIRVRFVSPTLLSSKVLLPPSLSERYKKIHAGYSTLPSVGLIVAYAYNVYCNLIGKKEVEVRAFKFGILSNALSRIIGYDLHPVTVAIGESKGNLRKARGVMGFIEFDIPDERLKRRALNYLLTSSYLGIGRSRGIGFGEIRLEFRKI,00000000000000000000010010011001100000001001111111100000000000000000000000000000000000000000000000000000000000000000000000000000001000000000101011011100100010111110100000000010000000000000000000000000000011111100001001001001111110000101010000000000000000000000111111000000000101
4JVYA,SHEATVEYLADLVKEKKHLTLFPHMFSNVERLLDDEIGRVRVALFQTEFPRVELPEPAGDMISITEKIYVPKNEYPDYNFVGRILGPRGMTAKQLEQDTGCKIMVRGKGSMRDKSKESAHRGKANFEHLEDDLHVLVQCEDTENRVHIKLQAALEQVKKLLIPAPEGTDELKRKQLMELAIINGTYRPMKS,00000000000000000000000000000000000000000000000000000000000000000000000000000010111011111001100100000111110011110000000000000100000000000000000000000000000000000000000000010011001000100000000
4JZUA,MYEFKDYYQNTVQLSFDDQPFSDSPKHVFVICRFGGKFLLTEHEDRGYEFPGGKVEPMECAEEAALREVKEETGARVKSLKYLGQYKVLGKEKVIVKNIYFADIEKLEKQADYFETKGPVLFHELPENLSRNKKFSFIMKDSVLPISLKKLKESGWI,0000000101000000000000000000000000000000000000000000000000000000000000000000000000000000000000000000000000000000000000000000000000000000100000000000000000000
4K4ZA,GEIEFIESSKDAGFPVINTPSKTKLEPSVFHQVFEGNKEPAVLRSGDPRLKANFEEAIFSKYIGNVNTHVDEYMLEAVDHYAGQLATLDISTEPMKLEDAVYGTEGLEALDLTTSAGYPYVALGIKKRDILSKKTKDLTKLKECMDKYGLNLPMVTYVKDELRSIEKVAKGKSRLIEASSLNDSVAMRQTFGNLYKTFHLNPGVVTGSAVGCDPDLFFSKIPVMLDGHLIAFDYSGYDASLSPVFFACLKMILEKLGYTHKETNYIDYLCNSHHLYRDKHYFVRGGMPSGCSGTSIFNSMINNIIIRTLMLKVYKGIDLDQFRMIAYGDDVIASYPFPIDASLLAEAGKGYGLIMTPADKGECFNEVTFTNVTFLKRYFRADEQYPFLVHPVMPMKDIHESIRFTKDPKNTQDHVRSLCLLAFHNGEHEYEEFIRKIRSVPVGRCLTLPAFSTLRRKFLDSF,000000000000000001011111000000000000000000100000000000000000000000000000000000000000000000000000000001000111011111100000111100110000110000000000000000000000111100000000000000011110000100010000001000100000000011111100000000000000000000000000000000000000000000000000000000000000000000000000111111100000000000000000000000000000001111000000000000000000000000000000000000000000001110000000000000001000000010000100110011011101100000000000000000000000000000000000000000
4KJIA,FLILSRREGEGITLSLKADYPAEELIRQLREGGIRILVTDIIGNQARVGIEAPRGVLIVRDELK,1111111000000000000000000000000000001010011110100001110111110011
4L8HA,AKLETVTLGNIGKDGKQTLVLNPRGVNPTNGVASLSQAGAVRALEKRVTVSVSQPSRNRKNYKVQVKIQNPTATRQAYADVTFSFTQYSTDEERAFVRTELAALLASPLLIDAIDQLRPAY,0000000000000000000000000010010100000000000000101110000001101010111010000001010101010000000000000000000000000000000000000
4LJ0A,EQDCKYFPNCANPLCAFRHPTMPPCRNGGECKVPGCKFTHLKTPCKFRPCTNRSCPFLHEEGQRG,00000100111110100000001111100000000101000011111011110010100000000
4M59A,PDAQVLVLAISSHPLPTLAAFLASRRDELLRADITSLLKALELSGHFEFALALLRFAGKEGAADASALEMVVRALGREGQHDAVCALLDETPLPPGSRLDVRAYTTVLHALSRAGRYERALELFAELRRQGVAPTLVTYNVVLDVYGRMGRSFPRIVALLDEMRAAGVEPDGFTASTVIAACSRDGLVDEAVAFFEDLKARGHAPSVVTYNALLQVFGKAGNYTEALRVLGEMEQNGCQPDAVTYNELAGTEEAARCLDTMASPNAFTYNTVMTAYGNVGKVDEALALFDQMKKTGFVPNVNTYNLVLGMLGKKSRFTVMLEMLGEMSRSGCTPNRVTFNTMLAVSGKRGMEDYVTRVLEGMRSSGVELSRDTYNTLIAAYGRCGSRTNAFKMYNEMTSAGFTPCITTYNALLNVLSRQGDFSTAQSIVSKMRTKGFKPNEQSYSLLLQCYAKGGNVAGIAAIENEVYGSGAVFPSFVILRTLVIANFKCRRLDGMETAFQEVKARGYNPDLVIFNSMLSIYAKNGMYSKATEVFDSIKRSGLSPDLITYNSLMDMYAKCSESFEAEKILNQLKCSQTMKPDVVSYNTVINGFCKQGLVKEAQRVLSEMVADGMAPCAVTYHTLVGGYSSLEMFSEAREVIGYMVQHGLKPMELTYRRVVESYCRAFEEARGFLSEVKALEAYIEDA,000000000000000000000000000000000000000000000000000000000000000000000000000100000000000000000000000011001100100000000000000000000000001111011001000100000000000000000000001110011001000100000000000000000000001100110010001000000000000000000000001001100000000000000000000000000000000000000000000000000000000000000000000000000000000000000000000000000111100000000000000000000000000000000010000000000000000000000000000000000000000000000000000000000000000010001000000000000000000000000000100010011010000000000000000000011001100100010000000000000000000001110011001000000000000000000000000001110011001001100000000000000000000000100110111101000000000000000000000101000100000000000000000000000000000
4M7DA,ATLKDYLNKRVVIILVDGESLIASLNGFDKNTNLFLTNVFNRISKEFISKAQLLRGSEIALVGLI,00000000000000000000000000001111100000000000000000000011100000000
4N2QA,SLSTEAIHAVQALKRLTAADRSPPAATAAASAALGRLLRADLLAAMAELQRQGHFSLALAALHVARAEPFYRPDPELYATFVSSSPSNDPAAAAAVDALVEAFIEEKERGAAGGSSEGVFVGEDVYKLTRLVRALVAKGRARAAFRVYEAAVRKGGCEVDEYMYRVMAKGMKRLGLDEEAAEVEADLADFEARHLPDE,000000000000000000000000000000000000000000000000000000000000000000000000000100000000000000000000000000000000000000000000000011101100100000000000000000000000000101100000100000000000000000000000000000
4N48A,VDFRDEPEPSACEQVSFFPECTTEIPDTQEMSDFMVVGKRKMIIEDETEFCGEELLHSVLQCKSVFDVLDGEEMRRARTRANPYEMIRGVFFLNRAAMKMANMDFVFDRMFTNPRDSYGKPLVKDRELLYFADVCAGPGGFSEYVLFRKKFHAKGFGMTLKGPNDFKLEDFSELFEPYYGEGGIDGDGDITRPENISAFRNFVLDNTDRKGVHFLMADGGFSVEGQENLQEILSKQLLLCQFLMALSIVRTGGHFICKTFDLFTPFSVGLVYLLYCCFERVCLFKPITSRPANSERYVVCKGLKVGIDDVRDYLFAVNIKLNQLRNTDSDVNLVVPLEVIKGDHEFTDYMIRSNESHCSLQIKALAKIHAFVQDTTLSEPRQAEIRKECLRLFGIPDQARV,00000000000000000000000000000000000000000000000000000000000000000000000000000000000000000000011100100000000000000000000000000000000000000100000000000000000000000001000000000000000000000000000000000000000000000000000001011110000001000000000000000000000000000101000000000000000000000000000001001010000000000000000000000000000000000000000000000000000000000000000000000000000000000000000000000000000000000
2ZUEA,LMEIRESVKERIEEIIKEIAPQFEGEIELKETPDPKLGDFGTPIAFKLAKLLKRPPIEIAEKIVEKLKLNLPEGIKDVKAVNGYINVFIDYPHFARILINDILAKGDRFGSSEIGKGKKVIVEHTSVNPTKPLHMGHARNAILGDVMARILRFLGYEVEVQNYIDDLGIQFAQVYFGYLRLKEEFERIMNELRERGLKDNPIDHALGLLYVEVNRRLEDNPELENEIRDIMKKLESGELYGRKLAEEVVRAQMVTTYKLGVKYDLLVFESDIVRRKLFEIALELLSKNENFYIPSDGKYRGAFVMDLRKLFPDMKNPILVLRRSDGTATYTGKDIAYHLFKFGKIDVDLLYKEFDSTTFTTAPDGKSMPNKFGNANIVINVIGAEQKHPQLAIKYALQLLGFEDAAANLYHLAYEHVERPEGKFSGRKGTFVGFTVDEVIQEAVKRARELIEEKNPALSDEEKAEVAEKVGIGAIRYNLIKYSPDKKIIFRFEDVLNFEGESAPYIQYAHARCSSILRKAEEEGIKVDPETLFKNADFTKLSERERELVIMLSKFPRIVEQAGKDVKPHLIAFFANELASLFNKFYMDHPVLKAEEGVREARLLLVMAVEQVLKNALYLMGIEAPERM,0000000000000000000000000001011111001000101001100100000000000000000000000000000011010100000000000000000000000000000000000000000000000000000000000000000000000000000000000000000000000000000000000000000000000000000000000000000000000000000000000000000000000000000000000000000000000000000000000000000001110100000000000001000101110000100000000000000000000000000000000000000000000000000000011011000000000000000000000000001001000010000000000000000000000010011001100000000000000100000000000110111000001000111110011001001100110010000000000000000000000001000000000000000010001010110010010001001111101111100000000000000000000000000000000111
3BT7A,GSHMTPEHLPTEQYEAQLAEKVVRLQSMMAPFSDLVPEVFRSPVSHYRMRAEFRIFHDGDDLYHIIFDQQTKSRIRVDSFPAASELINQLMTAMIAGVRNNPVLRHKLFQIDYLTTLSNQAVVSLLYHKKLDDEFRQEAEALRDALRAQNLNVHLIGRATKTKIELDQDYIDERLPVAGKEMIYRQVENSFTQPNAAMNIQMLEFALDVTKGSKGDLLELYCGNGNFSLALARNFDRVLATEIAKPSVAAAQYNIAANHIDNVQIIRMAAEEFTQAMNGVREFNRLQGIDLKSYQCETIFVDPPRSGLDSETEKMVQAYPRILYISCNPETLCKNLETLSQTHKVERLALFDQFPYTHHMQCGVLLTAK,001110000000000000000000000000000000000000000001011111000000000001111000000000010000000000000000000000000000110100000000000001110000000000000000000000000000011111000000000000000000000000001000010000000000000000000000000000000000000000000000000000000000000000000000000000000000000000000000000000000000000110000000000000000000000000000000000000000000000001001010000000000
3EPHA,SKKVIVIAGTTGVGKSQLSIQLAQKFNGEVINSDSMQVYKDIPIITNKHPLQEREGIPHHVMNHVDFSEEYYSHRFETECMNAIEDIHRRGKIPIVVGGTHYYLQTLFNKRVDTKSSERKLTRKQLDILESTDPDVIYNTLVKCDPDIATKYHPNDYRRVQRMLEIYYKTGKKPSETFNEQKITLKFDTLFLFLYSKPEPLFQRLDDRVDDMLERGALQEIKQLYEYYSQNKFTPEQCENGVFQVIGFKEFLPFLTVKLEDCIERMKTRTRQYAKRQVKFIKKMLIPDIKGDIYLLDATDLSQFDTNASQRAIAISNDFISNRPIKQERAPKALEELLSKGETTMKKLDDFTHYTCNVCRNADGKNVVAIGEKYFKIHLGSRRHKSNLKRNTRQADFEKFKI,000000000000000000000000000000000111101000001110000000000000000000000111110000000000000000000000001111101000011101100000000000000000000000000000000000111011011011101100100000000100100000000000000000000000000000000000000000000000000000000111000111001000000000000000100110111011001100110000000000000000000000000000000000000000000000000000000000000111001000000000100000110000010011011110010010001000000000
3FOZA,ASLPKAIFLMGPTASGKTALAIELRKILPVELISVDSALIYKGMDIGTAKPNAEELLAAPHRLLDIRDPSQAYSAADFRRDALAEMADITAAGRIPLLVGGTMLYFKALLEGLSPLPSADPEVRARIEQQAAEQGFESLHRQLQEVDPVAAARIHPNDPQRLSRALEVFFISGKTLTELTQTSGDALPYQVHQFAIAPASRELLHQRIEQRFHQMLASGFEAEVRALFARGDLHTDLPSIRCVGYRQMFSYLEGEISYDEMVYRGVCATRQLAKRQITFLRGFEGVHFLDSEKPEQARDEVLQVV,00000000000000000000000000000000000111101000001100000000000000000000000111110000000000000000000000001111100000001111111000010001000000000000000000000000101011111011000000000001000100000000000000000000100010000000000000000000000000000001010011100100000000000000001000100111011101101000000000000000000000000
3HTXA,HTPTPKAIIHQKFGAKASYTVEEVHDSSQSGCPGLAIPQKGPCLYRCHLQLPEFSVVSNVFKKKKDSEQSAAELALDKLGIRPQNDDLTVDEARDEIVGRIKYIFSDEFLSAEHPLGAHLRAALRRDGERCGSVPVSVIATVDAKINSRCKIINPSVESDPFLAISYVMKAAAKLADYIVASPHGLRRKNAYPSEIVEALATHVSDSREVAAVYIPCIDEEVVELDTLYISSNRHYLDSIAERLGLKDGNQVMISRMFGKASCGSECRLYSEIPKKYLDNSHIVKSRNARASYICGQDIHGDAILASVGYRFKSDDLDYDDVTVNSFYRICCGMSPNGIYKISRQAVIAAQLPFAFTTKSNFRGPLPREILGLFCHQHRLAEPILSSSTEVKIFTKSQDLVLECSPRKFYEKENDAIQNASLKALLFFSKFFADLSSESKNTSITNGSVVSICYSLSLAVDPSSVEPIESNEEIEFEVGTGSMNPHIESEVTQMTVGEYASFKMTPPDAAEALILAVGSDTVRIRSLLSERPCLNYNILLLGVKGPSEERMEAAFFKPPLSKQRVEYALKHIRESSASTLVDFGCGSGSLLDSLLDYPTSLQTIIGVDISPKGLARAAKMLHVKLNKEACNVKSATLYDGSILEFDSRLHDVDIGTCLEVIEHMEEDQACEFGEKVLSLFHPKLLIVSTPNYEFNTILQRSQLPKFRNHDHKFEFTREQFNQFASKLGKRHNYSVEFSGVGGSGEVEPGFASQIAIFRREASAESSMQPYKVIWEWKKE,10101011001100000000000000001000000000111110100000000000000001111001100000000000000000000000000000010010000100000000000000000000000000000000000110010010000000000000000000000000000000000000000000000000000000000000000000000000000000000000000000000000000000010001000000000000000000000000000000000000000000000000001110000000000000000000000000000000000000000000001000000101100000010000010000000000000000000000000000111100000000000000000000000000000000000000000000000000000000000000000000000000000000000000000000000000000000000000000000000000000000000000001111110011110100000000000000000000010010000000000000000000010110010010000000000000000000000000000000000000001001100000000000000000000000000100001001101000001111100000000000000000000000000000000000000001000000000000000000000000000
3IABA,GVYYNEISRDLDISSSTQCLRFLKETVIPSLANNGNNSTSIQYHGISKNDNIKKSVNKLDKQINADRSLGLQQVVCIFSYGPHIQKLSILEIFKKGYIKNNKKIYQFNKLTSFDIKQEERLKVPILVTVSDSEIIDLNLHSFTKQ,0000000000000011100000000000000000000000000000011111100111011000000000000000000000001101001100110010000000000000000010111100000000000000000000000
3ICQT,SAQDVENAVEAALDPSVGPIIKQQATDFIGSLRSSSTGFKICHEIFSEKTKYKPSTRLICLQTLSEKVREFNNESNLLELQMIRDSVFSYIKELSFLDEPAYISNAVQHLLTLLFLQLYPSNFNDFFASLQGVIAASSQSEFSNFYLKVLLSIGDEIADSLVLKTDVQIQKDNLVKDAIRANDMSDIVSFVYEMMLAYSNAKNYGTVGLCLQVYAQFVSFININLIVNEPCMNLLYSFLQIEELRCAACETMTEIVNKKMKPLEKLNLLNILNLNLFFSKSSTDPNFDEHVAKLINAQGVELVAIKSDPSELSPELKENCSFQLYNLFPYLIRYLSDDYDETSTAVFPFLSDLLVSLRKESSSKELSASLKEFLKSLLEAIIKKMKYDESQEFDDDPDSEEEAEFQEMRKKLKIFQDTINSIDSSLFSSYMYSAITSSLSTAATLSPENSFQLIEFALYETYIFGEGLRGPDAFFNEVDKSPTVLSQILALVTTSQVCRHPHPLVQLLYMEILVRYASFFDYESAAIPALIEYFVGPRGIHNTNERVRPRAFYLFYRFVKSIKKVNYTESSLAMLGDLLNISVSPVTDMDAPVPTLNSSIRNSDFNSQLYLFETVGVLISSGNLTPEEQALYCDSLINALIGKANAALSSDLSALENIISVYCSLMAIGNFAKGFPAREEVAFLASFNKASDEIFLILDRMGFNEDIRGAVRFTSGRIINVVGPDMLPKVPQLISILLNSIDMNELVDVLSFISQLIHIYKDNMMEITNRMLPTLLMRIFSSLSAAPQGTDDAVKQNDLRKSYISFILQLLNKGFGSILFTEENQVYFDPLINSILHFANLVPATQKSSIALVSKMVSLFGGKDGIAGFENFTLSLTPLCFEMPVNQSLVVLGELAGLQKIILESYLVTVYFPTVNFPDVMASEYLQALSNLSRSFKQFFQKFIQALKS,0000000000000000000000000000000000000000000000000000000000000000000000000000000000000000000000000000000000000000000000000000000000000000000000000000000000000001000000001000100110010000000000000000000000000000000000000011110000000000000000000000000000000000011100000000000000000000000000000000000000000000000000000000000000000000000000000000000000000000000001000000000000000000000000000000000000000000000000000100010001000000000000000000000000000000000000000000010001111100000000000000000000000000000000000000000000100000000000000000000000000000000001001000000000000000000000000000000000000000000000000000000000000000000000000000000000000000000000000000000000000000000000001000000000000000000000000000000000000000100010000000000000000000000000000000001001100100000000000000000000000000000000000000000000001001000000000000000000000000000000000000001100000000000000000000000000000000000000100000000000000000000000000000000000000000000000000000000000000
3K62A,LPTFSLDSNGEMRSRLSLSEVLDSGDLMKFAVDKTGCQFLEKAVKGSLTSYQKFQLFEQVIGRKDDFLKLSTNIFGNYLVQSVIGISLATNDDGYTKRQEKLKNFISSQMTDMCLDKFACRVIQSSLQNMDLSLACKLVQALPRDARLIAICVDQNANHVIQKVVAVIPLKNFEFIVDFVATPEHLRQICSDKYGCRVVQTIIEKLTADSMNVDLTSAAQNLRERALQRLMTSVTNRCQELATNEYANYIIQHIVSNDDLAVYRECIIEKCLMRNLLSLSQEKFASHVVEKAFLHAPLELLAEMMDEIFDGYIPHPDTGKDALDIMMFHQFGNYVVQCMLTICCDAVSGRRQTKEGGYDHAISFQDFLKKLHSRVTKERHRLSRFSSGKKMIETLANLRS,0000000000000000000000000000000001000000000000000000000000000000000000000110110010000000000000000000000000000000000011011001000000000000000000000000000000110010000000000000000000000000000000001101100100000000000000000000000000000000000000000000110110010000000000000000000000000000001101100100000000000000000000000000000000000000011011001000000000000000000000000000000000000000000000000110010000000000

